state,race_ethnicity,total_exits,dismissed,moved_out,not_determined,not_eligible,part_b_eligible,withdrawn
Alabama,American Indian or Alaska Native,32,2,2,0,7,12,9
Alabama,Asian,435,28,38,32,71,158,106
Alabama,Black or African American,9530,1793,232,782,1410,3135,2121
Alabama,Hispanic or Latino,1836,237,74,122,264,651,471
Alabama,MU_N,1279,132,60,71,201,463,342
Alabama,Native Hawaiian or Other Pacific Islander,24,4,2,0,3,9,6
Alabama,White,17225,1223,623,954,3033,6135,5191
Alaska,American Indian or Alaska Native,2151,356,64,181,409,801,324
Alaska,Asian,253,26,17,26,30,96,58
Alaska,Black or African American,223,19,25,25,26,100,28
Alaska,Hispanic or Latino,593,63,84,28,82,271,65
Alaska,MU_N,878,110,70,65,165,334,132
Alaska,Native Hawaiian or Other Pacific Islander,134,29,8,9,10,54,24
Alaska,White,3699,332,432,241,696,1418,572
American Samoa,American Indian or Alaska Native,0,0,0,0,0,0,0
American Samoa,Asian,0,0,0,0,0,0,0
American Samoa,Black or African American,0,0,0,0,0,0,0
American Samoa,Hispanic or Latino,0,0,0,0,0,0,0
American Samoa,MU_N,25,3,2,2,10,6,2
American Samoa,Native Hawaiian or Other Pacific Islander,216,22,15,8,76,74,19
American Samoa,White,0,0,0,0,0,0,0
Arizona,American Indian or Alaska Native,2256,335,61,251,306,1010,267
Arizona,Asian,1019,53,83,93,126,499,161
Arizona,Black or African American,2095,242,113,223,240,938,325
Arizona,Hispanic or Latino,15023,1558,392,1761,1725,7360,2151
Arizona,MU_N,1428,132,81,121,187,696,207
Arizona,Native Hawaiian or Other Pacific Islander,149,20,8,17,15,67,18
Arizona,White,23098,1998,1215,2301,2980,10561,3897
Arkansas,American Indian or Alaska Native,32,1,0,1,11,5,14
Arkansas,Asian,137,4,11,9,35,46,32
Arkansas,Black or African American,2661,146,50,314,608,494,1046
Arkansas,Hispanic or Latino,982,51,23,99,195,278,333
Arkansas,MU_N,470,36,12,46,118,129,127
Arkansas,Native Hawaiian or Other Pacific Islander,30,1,1,2,5,8,13
Arkansas,White,6882,259,160,668,1905,2066,1812
California,American Indian or Alaska Native,1053,68,30,226,234,404,85
California,Asian,36236,1572,730,9749,7902,13185,3017
California,Black or African American,20242,1745,517,5791,4066,6696,1340
California,Hispanic or Latino,212369,13135,2337,62605,45892,74063,13799
California,MU_N,12332,401,212,2712,2744,5267,979
California,Native Hawaiian or Other Pacific Islander,1011,78,24,260,243,317,85
California,White,88139,4527,2879,23710,19698,30185,6918
Colorado,American Indian or Alaska Native,260,25,27,41,31,92,41
Colorado,Asian,1824,78,158,217,334,723,295
Colorado,Black or African American,2660,284,189,411,334,1039,379
Colorado,Hispanic or Latino,18520,1620,726,2750,2579,7767,2955
Colorado,MU_N,1938,112,152,244,340,729,348
Colorado,Native Hawaiian or Other Pacific Islander,121,6,14,15,14,55,17
Colorado,White,36029,1367,2432,4694,7695,13073,6556
Connecticut,American Indian or Alaska Native,77,7,5,5,16,34,9
Connecticut,Asian,1781,98,161,138,256,789,334
Connecticut,Black or African American,5303,693,212,560,813,2305,651
Connecticut,Hispanic or Latino,15792,1827,622,1647,2822,6791,1961
Connecticut,MU_N,1112,91,32,100,165,488,198
Connecticut,Native Hawaiian or Other Pacific Islander,182,6,19,10,30,90,26
Connecticut,White,22867,1148,865,1664,4743,10290,3959
Delaware,American Indian or Alaska Native,22,2,1,0,3,16,0
Delaware,Asian,330,24,43,15,48,159,39
Delaware,Black or African American,2496,376,129,177,343,1220,232
Delaware,Hispanic or Latino,1675,187,66,99,261,899,159
Delaware,MU_N,455,53,33,31,68,226,42
Delaware,Native Hawaiian or Other Pacific Islander,13,0,0,2,3,5,3
Delaware,White,4624,372,214,213,1054,2241,522
District of Columbia,American Indian or Alaska Native,5,0,1,0,3,0,0
District of Columbia,Asian,70,4,14,5,23,6,7
District of Columbia,Black or African American,3807,728,197,209,751,686,507
District of Columbia,Hispanic or Latino,1240,79,116,48,276,274,153
District of Columbia,MU_N,508,30,73,19,195,69,72
District of Columbia,Native Hawaiian or Other Pacific Islander,8,0,3,1,1,1,1
District of Columbia,White,1582,59,262,22,690,70,330
Florida,American Indian or Alaska Native,284,24,15,76,32,119,16
Florida,Asian,2721,172,188,725,238,1144,250
Florida,Black or African American,27855,4172,721,7871,2672,9955,2358
Florida,Hispanic or Latino,51680,3608,1594,15608,5768,21097,3915
Florida,MU_N,4586,484,207,1004,542,1919,423
Florida,Native Hawaiian or Other Pacific Islander,262,14,6,41,136,55,10
Florida,White,47186,3999,2120,9771,6820,19732,4605
Georgia,American Indian or Alaska Native,67,9,0,16,6,35,1
Georgia,Asian,1742,186,78,326,158,850,134
Georgia,Black or African American,19709,3591,468,4310,1951,8241,1056
Georgia,Hispanic or Latino,5353,671,121,1092,556,2684,216
Georgia,MU_N,4153,513,176,559,422,2033,421
Georgia,Native Hawaiian or Other Pacific Islander,69,15,3,8,7,33,3
Georgia,White,24910,3073,882,4174,2885,11786,2030
Guam,American Indian or Alaska Native,0,0,0,0,0,0,0
Guam,Asian,85,2,11,5,24,34,7
Guam,Black or African American,0,0,0,0,0,0,0
Guam,Hispanic or Latino,0,0,0,0,0,0,0
Guam,MU_N,221,11,24,12,57,94,21
Guam,Native Hawaiian or Other Pacific Islander,665,86,40,24,207,228,71
Guam,White,7,0,1,0,2,2,2
Hawaii,American Indian or Alaska Native,17,1,2,1,0,12,1
Hawaii,Asian,4109,204,115,936,852,1158,838
Hawaii,Black or African American,174,8,43,26,10,54,33
Hawaii,Hispanic or Latino,1997,122,325,299,276,648,322
Hawaii,MU_N,5021,436,275,892,865,1535,1009
Hawaii,Native Hawaiian or Other Pacific Islander,1503,254,65,241,251,417,268
Hawaii,White,2557,80,583,343,353,669,523
Idaho,American Indian or Alaska Native,232,36,17,27,46,75,31
Idaho,Asian,176,11,23,26,35,54,27
Idaho,Black or African American,155,26,9,22,21,52,25
Idaho,Hispanic or Latino,2459,417,88,339,472,715,423
Idaho,MU_N,844,110,71,100,140,243,180
Idaho,Native Hawaiian or Other Pacific Islander,43,7,8,5,7,9,7
Idaho,White,13460,1215,837,1780,2810,3997,2777
Illinois,American Indian or Alaska Native,95,6,11,7,20,41,10
Illinois,Asian,6144,283,332,616,1238,2836,824
Illinois,Black or African American,23999,3563,834,5510,3336,8807,1825
Illinois,Hispanic or Latino,48021,3724,785,8658,9354,21467,3938
Illinois,MU_N,4480,440,135,381,1007,2166,335
Illinois,Native Hawaiian or Other Pacific Islander,65,2,4,8,11,33,7
Illinois,White,95637,5164,2831,8803,25773,44345,8531
Indiana,American Indian or Alaska Native,85,1,6,9,26,27,16
Indiana,Asian,1667,60,130,255,428,458,330
Indiana,Black or African American,8353,687,299,1611,1853,2415,1444
Indiana,Hispanic or Latino,8636,391,254,1565,2287,2800,1319
Indiana,MU_N,4893,281,166,763,1434,1426,810
Indiana,Native Hawaiian or Other Pacific Islander,63,6,4,3,14,24,12
Indiana,White,59824,1926,1340,7666,20722,18974,9060
Iowa,American Indian or Alaska Native,220,15,15,0,36,121,33
Iowa,Asian,795,29,76,16,228,260,181
Iowa,Black or African American,2017,320,114,57,428,698,392
Iowa,Hispanic or Latino,2870,315,165,59,981,492,841
Iowa,MU_N,1950,187,87,57,499,697,416
Iowa,Native Hawaiian or Other Pacific Islander,69,8,4,0,13,25,18
Iowa,White,21701,1136,626,466,6316,8618,4479
Kansas,American Indian or Alaska Native,176,16,13,27,34,77,9
Kansas,Asian,1035,29,103,126,202,464,108
Kansas,Black or African American,2625,238,174,378,397,1220,213
Kansas,Hispanic or Latino,8134,497,348,1204,1293,3996,779
Kansas,MU_N,2095,142,118,304,391,986,149
Kansas,Native Hawaiian or Other Pacific Islander,92,5,8,5,26,40,8
Kansas,White,28295,1041,1268,3464,6394,13358,2707
Kentucky,American Indian or Alaska Native,62,3,3,5,15,35,1
Kentucky,Asian,708,30,94,55,184,315,25
Kentucky,Black or African American,3479,393,163,354,789,1674,94
Kentucky,Hispanic or Latino,2720,206,152,218,677,1349,111
Kentucky,MU_N,2202,212,114,133,581,1088,71
Kentucky,Native Hawaiian or Other Pacific Islander,97,2,8,7,24,45,11
Kentucky,White,31014,2020,1269,1827,9597,15289,947
Louisiana,American Indian or Alaska Native,75,4,5,7,16,36,7
Louisiana,Asian,566,23,35,84,99,233,91
Louisiana,Black or African American,19659,2500,546,2916,3314,8719,1504
Louisiana,Hispanic or Latino,2686,170,175,359,379,1314,275
Louisiana,MU_N,2036,152,175,234,369,876,221
Louisiana,Native Hawaiian or Other Pacific Islander,31,4,1,1,4,18,3
Louisiana,White,21220,1131,758,2141,4809,9573,2701
Maine,American Indian or Alaska Native,39,4,0,4,7,18,5
Maine,Asian,111,6,7,27,6,47,16
Maine,Black or African American,374,29,22,85,23,169,44
Maine,Hispanic or Latino,185,18,7,33,20,73,33
Maine,MU_N,376,31,7,58,42,169,68
Maine,Native Hawaiian or Other Pacific Islander,4,0,0,2,1,0,1
Maine,White,8347,676,220,1086,911,3738,1671
Maryland,American Indian or Alaska Native,104,11,9,5,24,10,15
Maryland,Asian,4660,186,254,177,1161,975,760
Maryland,Black or African American,24092,2955,722,1047,3766,4452,2715
Maryland,Hispanic or Latino,14681,1243,463,505,3058,3036,1958
Maryland,MU_N,4556,393,192,141,1110,662,571
Maryland,Native Hawaiian or Other Pacific Islander,96,9,7,0,18,10,7
Maryland,White,37394,1848,1466,837,11625,4317,4344
Massachusetts,American Indian or Alaska Native,328,47,20,9,64,116,71
Massachusetts,Asian,10150,553,816,161,2118,4639,1856
Massachusetts,Black or African American,16316,2376,608,202,3279,7228,2605
Massachusetts,Hispanic or Latino,44450,7974,1764,577,8770,18232,7090
Massachusetts,MU_N,6615,724,244,100,1556,2725,1259
Massachusetts,Native Hawaiian or Other Pacific Islander,147,15,11,5,32,58,26
Massachusetts,White,93499,7127,3322,1147,23989,38456,19370
Michigan,American Indian or Alaska Native,700,99,43,21,149,281,105
Michigan,Asian,1997,187,187,132,393,745,348
Michigan,Black or African American,16231,4031,1124,1455,2906,4148,2504
Michigan,Hispanic or Latino,6609,943,473,373,1251,2649,903
Michigan,MU_N,2757,388,183,139,518,1174,352
Michigan,Native Hawaiian or Other Pacific Islander,96,7,12,1,23,37,15
Michigan,White,65088,6596,3823,2752,16591,25405,9775
Minnesota,American Indian or Alaska Native,978,94,26,11,215,452,175
Minnesota,Asian,2453,60,103,36,405,1483,362
Minnesota,Black or African American,5023,323,177,106,663,2898,838
Minnesota,Hispanic or Latino,4984,209,162,97,922,2924,658
Minnesota,MU_N,2415,89,63,36,514,1336,367
Minnesota,Native Hawaiian or Other Pacific Islander,55,0,1,2,14,23,15
Minnesota,White,31048,835,772,512,7530,17261,4077
Mississippi,American Indian or Alaska Native,12,8,0,1,0,1,2
Mississippi,Asian,171,10,21,28,21,65,26
Mississippi,Black or African American,7037,973,231,1758,1025,2010,996
Mississippi,Hispanic or Latino,443,49,29,86,53,173,50
Mississippi,MU_N,408,64,35,64,71,104,66
Mississippi,Native Hawaiian or Other Pacific Islander,3,0,1,0,0,2,0
Mississippi,White,7963,699,360,1434,1433,2630,1373
Missouri,American Indian or Alaska Native,68,0,7,2,11,39,8
Missouri,Asian,919,22,93,41,153,464,129
Missouri,Black or African American,6665,584,315,494,1093,3223,763
Missouri,Hispanic or Latino,2907,98,173,127,524,1598,316
Missouri,MU_N,2175,96,133,101,389,1122,278
Missouri,Native Hawaiian or Other Pacific Islander,121,9,8,8,16,65,12
Missouri,White,30165,835,1309,1177,6353,16290,3594
Montana,American Indian or Alaska Native,1101,200,60,128,245,268,199
Montana,Asian,34,6,2,2,8,10,6
Montana,Black or African American,44,2,3,9,13,13,4
Montana,Hispanic or Latino,312,33,18,37,72,97,54
Montana,MU_N,291,22,17,40,78,84,48
Montana,Native Hawaiian or Other Pacific Islander,6,0,1,0,1,3,1
Montana,White,4934,359,318,638,1148,1450,1008
Nebraska,American Indian or Alaska Native,129,8,9,0,13,32,23
Nebraska,Asian,348,27,24,0,34,90,32
Nebraska,Black or African American,637,82,31,0,103,168,56
Nebraska,Hispanic or Latino,2151,163,97,0,229,545,268
Nebraska,MU_N,370,34,16,0,44,102,37
Nebraska,Native Hawaiian or Other Pacific Islander,14,2,1,0,2,5,2
Nebraska,White,9394,391,358,0,1458,1852,1063
Nevada,American Indian or Alaska Native,165,15,7,31,17,72,22
Nevada,Asian,1231,105,79,274,115,402,252
Nevada,Black or African American,2860,559,232,689,169,777,419
Nevada,Hispanic or Latino,10510,1236,458,2443,862,3811,1670
Nevada,MU_N,2135,218,161,487,205,686,373
Nevada,Native Hawaiian or Other Pacific Islander,185,22,16,35,20,67,25
Nevada,White,10611,846,950,1794,1492,3614,1894
New Hampshire,American Indian or Alaska Native,0,0,0,0,0,0,0
New Hampshire,Asian,521,28,78,42,128,184,54
New Hampshire,Black or African American,266,30,19,26,43,110,33
New Hampshire,Hispanic or Latino,797,105,41,92,138,330,85
New Hampshire,MU_N,873,98,65,82,174,331,118
New Hampshire,Native Hawaiian or Other Pacific Islander,3,0,0,0,2,0,1
New Hampshire,White,15248,1071,584,1161,4550,5961,1843
New Jersey,American Indian or Alaska Native,152,13,7,30,31,52,18
New Jersey,Asian,9487,367,563,1298,1626,3731,1895
New Jersey,Black or African American,12555,999,411,2539,2397,4851,1336
New Jersey,Hispanic or Latino,40218,2018,1154,7889,8823,15991,4289
New Jersey,MU_N,3878,224,152,542,889,1478,588
New Jersey,Native Hawaiian or Other Pacific Islander,205,3,4,35,40,100,22
New Jersey,White,48415,1491,1225,6907,13409,16949,8392
New Mexico,American Indian or Alaska Native,3330,600,181,233,665,1135,502
New Mexico,Asian,310,18,44,31,66,80,71
New Mexico,Black or African American,800,122,124,99,136,181,131
New Mexico,Hispanic or Latino,29996,4251,1967,3708,6088,8142,5781
New Mexico,MU_N,778,85,100,101,167,191,128
New Mexico,Native Hawaiian or Other Pacific Islander,26,3,2,2,7,11,1
New Mexico,White,9567,728,1180,1150,2045,2467,1969
New York,American Indian or Alaska Native,654,21,15,143,93,134,54
New York,Asian,17758,244,725,3668,1655,4016,1537
New York,Black or African American,31489,1235,889,6245,2968,7496,2102
New York,Hispanic or Latino,69049,1916,1959,12627,6566,17506,4323
New York,MU_N,3305,116,123,486,466,1049,202
New York,Native Hawaiian or Other Pacific Islander,1737,28,41,459,178,347,163
New York,White,133981,2174,3735,16826,25838,39825,8128
North Carolina,American Indian or Alaska Native,796,125,13,122,132,322,77
North Carolina,Asian,2255,171,183,630,227,615,424
North Carolina,Black or African American,20657,3235,649,6174,2231,5997,2237
North Carolina,Hispanic or Latino,15590,1389,575,4762,2044,4548,2221
North Carolina,MU_N,2090,264,98,498,268,673,285
North Carolina,Native Hawaiian or Other Pacific Islander,85,5,13,20,8,29,10
North Carolina,White,42825,4184,1914,8717,7418,13813,6620
North Dakota,American Indian or Alaska Native,980,146,48,77,179,445,83
North Dakota,Asian,61,2,13,7,8,30,1
North Dakota,Black or African American,433,39,77,43,46,165,58
North Dakota,Hispanic or Latino,481,40,81,48,64,216,32
North Dakota,MU_N,1034,67,134,153,175,379,124
North Dakota,Native Hawaiian or Other Pacific Islander,55,6,7,5,3,22,12
North Dakota,White,6783,246,644,1236,1293,2606,725
Northern Marianas,American Indian or Alaska Native,0,0,0,0,0,0,0
Northern Marianas,Asian,132,0,9,4,15,78,26
Northern Marianas,Black or African American,0,0,0,0,0,0,0
Northern Marianas,Hispanic or Latino,0,0,0,0,0,0,0
Northern Marianas,MU_N,46,1,3,0,7,23,11
Northern Marianas,Native Hawaiian or Other Pacific Islander,306,16,9,8,32,156,82
Northern Marianas,White,0,0,0,0,0,0,0
Ohio,American Indian or Alaska Native,218,28,12,24,50,84,20
Ohio,Asian,2390,107,199,206,537,1027,307
Ohio,Black or African American,14561,2754,313,1686,2737,5394,1617
Ohio,Hispanic or Latino,6195,739,230,621,1278,2558,758
Ohio,MU_N,5006,661,140,384,1134,2089,581
Ohio,Native Hawaiian or Other Pacific Islander,155,7,6,12,36,69,25
Ohio,White,70312,5158,1631,4784,19198,30523,8852
Oklahoma,American Indian or Alaska Native,1409,228,35,244,219,434,243
Oklahoma,Asian,495,34,46,93,71,172,78
Oklahoma,Black or African American,1988,415,82,396,274,514,299
Oklahoma,Hispanic or Latino,2794,383,129,587,433,861,393
Oklahoma,MU_N,2402,369,103,405,412,706,398
Oklahoma,Native Hawaiian or Other Pacific Islander,99,21,10,13,14,23,17
Oklahoma,White,15098,1828,617,2713,2737,4598,2543
Oregon,American Indian or Alaska Native,267,32,15,0,42,137,40
Oregon,Asian,1055,56,136,8,89,545,219
Oregon,Black or African American,731,72,56,2,50,425,123
Oregon,Hispanic or Latino,6997,697,281,78,723,4302,907
Oregon,MU_N,1432,84,90,13,142,836,263
Oregon,Native Hawaiian or Other Pacific Islander,125,13,8,2,6,75,20
Oregon,White,19338,1552,1063,165,2487,10797,3219
Pennsylvania,American Indian or Alaska Native,249,16,11,25,64,117,16
Pennsylvania,Asian,5475,164,407,502,1449,2286,660
Pennsylvania,Black or African American,23630,3029,596,4231,3830,9416,2454
Pennsylvania,Hispanic or Latino,23899,2086,988,3054,4698,10791,2249
Pennsylvania,MU_N,11898,918,471,1244,3829,4216,1181
Pennsylvania,Native Hawaiian or Other Pacific Islander,73,5,5,9,19,30,4
Pennsylvania,White,105190,4770,2381,8417,39688,41597,8140
Puerto Rico,American Indian or Alaska Native,0,0,0,0,0,0,0
Puerto Rico,Asian,0,0,0,0,0,0,0
Puerto Rico,Black or African American,0,0,0,0,0,0,0
Puerto Rico,Hispanic or Latino,15330,1444,621,5513,3803,2575,1342
Puerto Rico,MU_N,0,0,0,0,0,0,0
Puerto Rico,Native Hawaiian or Other Pacific Islander,0,0,0,0,0,0,0
Puerto Rico,White,0,0,0,0,0,0,0
Rhode Island,American Indian or Alaska Native,25,5,1,3,7,7,2
Rhode Island,Asian,474,36,44,24,116,165,89
Rhode Island,Black or African American,1372,243,54,129,313,444,189
Rhode Island,Hispanic or Latino,5909,956,210,564,1379,1922,869
Rhode Island,MU_N,679,96,24,44,179,250,85
Rhode Island,Native Hawaiian or Other Pacific Islander,10,1,1,0,2,6,0
Rhode Island,White,10968,829,474,693,3441,3942,1578
South Carolina,American Indian or Alaska Native,111,12,7,15,27,39,11
South Carolina,Asian,518,25,36,50,150,180,74
South Carolina,Black or African American,11192,1319,376,1787,2571,3868,1196
South Carolina,Hispanic or Latino,3708,303,147,469,1004,1288,493
South Carolina,MU_N,2461,291,135,306,651,720,349
South Carolina,Native Hawaiian or Other Pacific Islander,73,7,4,7,25,21,9
South Carolina,White,19500,1158,863,2535,5831,6370,2691
South Dakota,American Indian or Alaska Native,1411,266,49,43,274,704,68
South Dakota,Asian,98,3,7,2,25,58,3
South Dakota,Black or African American,189,12,27,3,33,110,4
South Dakota,Hispanic or Latino,580,57,52,13,120,301,34
South Dakota,MU_N,487,39,48,10,123,250,15
South Dakota,Native Hawaiian or Other Pacific Islander,15,3,1,2,1,8,0
South Dakota,White,6124,169,290,143,2527,2733,241
Tennessee,American Indian or Alaska Native,123,8,16,28,15,33,23
Tennessee,Asian,1166,44,91,292,147,332,258
Tennessee,Black or African American,10040,1768,360,2766,809,2349,1930
Tennessee,Hispanic or Latino,5165,492,237,1379,527,1388,1122
Tennessee,MU_N,2333,265,107,509,246,593,606
Tennessee,Native Hawaiian or Other Pacific Islander,137,6,11,31,12,51,26
Tennessee,White,35801,2697,1481,7789,4153,10428,9157
Texas,American Indian or Alaska Native,314,27,20,41,46,102,77
Texas,Asian,6657,426,402,680,794,2292,2041
Texas,Black or African American,21305,3530,792,2774,3678,6051,4410
Texas,Hispanic or Latino,129610,17153,3165,18973,23567,37968,28485
Texas,MU_N,2181,217,129,261,440,639,491
Texas,Native Hawaiian or Other Pacific Islander,436,40,43,35,73,150,94
Texas,White,87301,7981,3593,9373,18602,25261,22260
US and Outlying Areas,American Indian or Alaska Native,23783,3262,1045,2480,4395,9035,3155
US and Outlying Areas,Asian,146252,6559,8031,22848,26712,52840,21737
US and Outlying Areas,Black or African American,415873,56155,14648,69687,65353,139607,48699
US and Outlying Areas,Hispanic or Latino,905971,79951,26699,173416,165654,318999,109469
US and Outlying Areas,MU_N,135841,11676,6477,15813,28996,50699,19195
US and Outlying Areas,Native Hawaiian or Other Pacific Islander,10654,977,559,1532,1911,3587,1467
US and Outlying Areas,White,1672185,99922,65399,178843,402568,623690,242489
Utah,American Indian or Alaska Native,423,54,39,62,49,161,56
Utah,Asian,630,22,76,83,75,188,184
Utah,Black or African American,425,42,36,65,44,134,104
Utah,Hispanic or Latino,8723,599,359,1154,1251,3473,1872
Utah,MU_N,1232,65,75,129,163,513,281
Utah,Native Hawaiian or Other Pacific Islander,434,51,15,58,37,169,99
Utah,White,29699,902,1287,2782,4271,12443,7937
Vermont,American Indian or Alaska Native,3,1,0,0,0,2,0
Vermont,Asian,165,7,10,2,47,74,25
Vermont,Black or African American,176,12,7,2,26,115,14
Vermont,Hispanic or Latino,144,8,11,0,33,80,11
Vermont,MU_N,472,33,18,2,141,237,40
Vermont,Native Hawaiian or Other Pacific Islander,0,0,0,0,0,0,0
Vermont,White,7654,470,279,25,2165,4143,556
Virgin Islands,American Indian or Alaska Native,0,0,0,0,0,0,0
Virgin Islands,Asian,0,0,0,0,0,0,0
Virgin Islands,Black or African American,647,66,44,112,140,225,57
Virgin Islands,Hispanic or Latino,116,30,3,10,19,43,11
Virgin Islands,MU_N,36,6,5,3,6,14,2
Virgin Islands,Native Hawaiian or Other Pacific Islander,0,0,0,0,0,0,0
Virgin Islands,White,11,0,0,1,4,4,2
Virginia,American Indian or Alaska Native,91,10,8,6,29,26,12
Virginia,Asian,4798,401,365,218,1159,1671,971
Virginia,Black or African American,15032,2206,626,1203,4597,4170,2165
Virginia,Hispanic or Latino,10009,917,522,729,3008,3149,1653
Virginia,MU_N,7762,794,556,462,2485,2040,1401
Virginia,Native Hawaiian or Other Pacific Islander,92,9,11,6,27,26,13
Virginia,White,44460,3886,2702,2542,16653,10873,7654
Washington,American Indian or Alaska Native,1035,125,40,142,201,362,157
Washington,Asian,5741,234,372,379,992,1963,1790
Washington,Black or African American,3660,366,246,355,485,1481,713
Washington,Hispanic or Latino,17007,1520,740,1570,2744,7313,3075
Washington,MU_N,5900,455,339,463,952,2379,1300
Washington,Native Hawaiian or Other Pacific Islander,703,92,38,73,83,312,103
Washington,White,41991,2688,2382,3115,7713,15965,10034
West Virginia,American Indian or Alaska Native,11,2,3,2,1,3,0
West Virginia,Asian,275,10,40,55,50,67,53
West Virginia,Black or African American,1055,103,95,204,146,269,236
West Virginia,Hispanic or Latino,423,17,53,63,68,134,88
West Virginia,MU_N,1276,144,93,223,219,245,349
West Virginia,Native Hawaiian or Other Pacific Islander,10,0,1,5,1,1,2
West Virginia,White,27341,1701,1155,5585,5062,6906,6891
Wisconsin,American Indian or Alaska Native,560,49,9,96,104,193,107
Wisconsin,Asian,1334,59,70,212,236,503,246
Wisconsin,Black or African American,6219,957,154,1352,1184,1875,671
Wisconsin,Hispanic or Latino,8573,680,176,1559,1617,3541,987
Wisconsin,MU_N,1990,147,46,329,390,766,302
Wisconsin,Native Hawaiian or Other Pacific Islander,46,6,2,9,5,20,4
Wisconsin,White,37816,1477,672,5665,9083,14754,6092
Wyoming,American Indian or Alaska Native,321,54,21,12,81,133,20
Wyoming,Asian,18,0,3,0,4,9,2
Wyoming,Black or African American,71,11,14,2,18,20,6
Wyoming,Hispanic or Latino,1257,100,116,37,330,592,80
Wyoming,MU_N,366,30,44,16,103,142,30
Wyoming,Native Hawaiian or Other Pacific Islander,6,0,1,0,1,4,0
Wyoming,White,6985,395,593,136,2433,2908,505
