"category","state","state_abb","unreliable_state","has_reliable","high_idx","low_idx","high_race","high_or","high_log","low_race","low_or","low_log","disparity_spread","map_value","map_value_plot","hover_text","has_any_reliable","category_label"
"dismissed","Alabama","AL",FALSE,TRUE,3,7,"Black or African American",2.73716805605435,1.00692382972793,"White",0.38074760236027,-0.965618584376346,1.97254241410427,1.97254241410427,1.97254241410427,"State: Alabama<br>Largest disparity category: Dismissed (No Contact)<br>Highest: Black or African American (OR 2.74, ln 1.01)<br>Lowest: White (OR 0.38, ln -0.97)<br>Max |ln(OR)| (across categories): 1.97<br>Flag: OK",TRUE,"Dismissed (No Contact)"
"moved_out","Alaska","AK",FALSE,TRUE,7,1,"White",1.95584063155298,0.670820091582062,"American Indian or Alaska Native",0.248028375719112,-1.3942121211402,2.06503221272226,2.06503221272226,2.06503221272226,"State: Alaska<br>Largest disparity category: Moved Out<br>Highest: White (OR 1.96, ln 0.67)<br>Lowest: American Indian or Alaska Native (OR 0.25, ln -1.39)<br>Max |ln(OR)| (across categories): 2.07<br>Flag: OK",TRUE,"Moved Out"
"moved_out","Arizona","AZ",FALSE,TRUE,2,4,"Asian",2.00012397732986,0.693209167303657,"Hispanic or Latino",0.488888848023102,-0.715620120001117,1.40882928730477,1.40882928730477,1.40882928730477,"State: Arizona<br>Largest disparity category: Moved Out<br>Highest: Asian (OR 2.00, ln 0.69)<br>Lowest: Hispanic or Latino (OR 0.49, ln -0.72)<br>Max |ln(OR)| (across categories): 1.41<br>Flag: OK",TRUE,"Moved Out"
"moved_out","Arkansas","AR",FALSE,TRUE,2,1,"Asian",3.8366563427539,1.3446012432073,"American Indian or Alaska Native",0.651560866318148,-0.428384461887521,1.77298570509482,1.77298570509482,1.77298570509482,"State: Arkansas<br>Largest disparity category: Moved Out<br>Highest: Asian (OR 3.84, ln 1.34)<br>Lowest: American Indian or Alaska Native (OR 0.65, ln -0.43)<br>Max |ln(OR)| (across categories): 1.77<br>Flag: OK",TRUE,"Moved Out"
"moved_out","California","CA",FALSE,TRUE,7,4,"White",2.4504798066114,0.896283844815823,"Hispanic or Latino",0.391723287624972,-0.937199587371513,1.83348343218734,1.83348343218734,1.83348343218734,"State: California<br>Largest disparity category: Moved Out<br>Highest: White (OR 2.45, ln 0.90)<br>Lowest: Hispanic or Latino (OR 0.39, ln -0.94)<br>Max |ln(OR)| (across categories): 1.83<br>Flag: OK",TRUE,"Moved Out"
"dismissed","Colorado","CO",FALSE,TRUE,4,7,"Hispanic or Latino",2.09740555302685,0.740701129991117,"White",0.43053306044592,-0.842731162602067,1.58343229259318,1.58343229259318,1.58343229259318,"State: Colorado<br>Largest disparity category: Dismissed (No Contact)<br>Highest: Hispanic or Latino (OR 2.10, ln 0.74)<br>Lowest: White (OR 0.43, ln -0.84)<br>Max |ln(OR)| (across categories): 1.58<br>Flag: OK",TRUE,"Dismissed (No Contact)"
"dismissed","Connecticut","CT",FALSE,TRUE,4,6,"Hispanic or Latino",1.87493182294944,0.628572297667664,"Native Hawaiian or Other Pacific Islander",0.379976002258611,-0.967647180206898,1.59621947787456,1.59621947787456,1.59621947787456,"State: Connecticut<br>Largest disparity category: Dismissed (No Contact)<br>Highest: Hispanic or Latino (OR 1.87, ln 0.63)<br>Lowest: Native Hawaiian or Other Pacific Islander (OR 0.38, ln -0.97)<br>Max |ln(OR)| (across categories): 1.60<br>Flag: OK",TRUE,"Dismissed (No Contact)"
"withdrawn","Delaware","DE",FALSE,TRUE,6,1,"Native Hawaiian or Other Pacific Islander",2.59798792756539,0.954737271419056,"American Indian or Alaska Native",0.191512113617377,-1.65280421587444,2.60754148729349,2.60754148729349,2.60754148729349,"State: Delaware<br>Largest disparity category: Withdrawn<br>Highest: Native Hawaiian or Other Pacific Islander (OR 2.60, ln 0.95)<br>Lowest: American Indian or Alaska Native (OR 0.19, ln -1.65)<br>Max |ln(OR)| (across categories): 2.61<br>Flag: OK",TRUE,"Withdrawn"
"not_eligible","Florida","FL",FALSE,TRUE,6,2,"Native Hawaiian or Other Pacific Islander",7.94077445147629,2.07201080847183,"Asian",0.695528693424617,-0.363083012647039,2.43509382111887,2.43509382111887,2.43509382111887,"State: Florida<br>Largest disparity category: Not Eligible<br>Highest: Native Hawaiian or Other Pacific Islander (OR 7.94, ln 2.07)<br>Lowest: Asian (OR 0.70, ln -0.36)<br>Max |ln(OR)| (across categories): 2.44<br>Flag: OK",TRUE,"Not Eligible"
"withdrawn","Georgia","GA",FALSE,TRUE,5,1,"MU_N",1.58751230713627,0.462168204281443,"American Indian or Alaska Native",0.204411995603705,-1.58761773546801,2.04978593974946,2.04978593974946,2.04978593974946,"State: Georgia<br>Largest disparity category: Withdrawn<br>Highest: MU_N (OR 1.59, ln 0.46)<br>Lowest: American Indian or Alaska Native (OR 0.20, ln -1.59)<br>Max |ln(OR)| (across categories): 2.05<br>Flag: OK",TRUE,"Withdrawn"
"moved_out","Hawaii","HI",FALSE,TRUE,7,2,"White",4.29441404930767,1.45731511989128,"Asian",0.222150704788815,-1.5043992770245,2.96171439691578,2.96171439691578,2.96171439691578,"State: Hawaii<br>Largest disparity category: Moved Out<br>Highest: White (OR 4.29, ln 1.46)<br>Lowest: Asian (OR 0.22, ln -1.50)<br>Max |ln(OR)| (across categories): 2.96<br>Flag: OK",TRUE,"Moved Out"
"moved_out","Idaho","ID",FALSE,TRUE,6,4,"Native Hawaiian or Other Pacific Islander",3.56112098427888,1.27007537852303,"Hispanic or Latino",0.536342637613827,-0.622982072864596,1.89305745138762,1.89305745138762,1.89305745138762,"State: Idaho<br>Largest disparity category: Moved Out<br>Highest: Native Hawaiian or Other Pacific Islander (OR 3.56, ln 1.27)<br>Lowest: Hispanic or Latino (OR 0.54, ln -0.62)<br>Max |ln(OR)| (across categories): 1.89<br>Flag: OK",TRUE,"Moved Out"
"moved_out","Illinois","IL",FALSE,TRUE,1,4,"American Indian or Alaska Native",4.61500033868455,1.52931194134258,"Hispanic or Latino",0.506026203014327,-0.681166826422153,2.21047876776473,2.21047876776473,2.21047876776473,"State: Illinois<br>Largest disparity category: Moved Out<br>Highest: American Indian or Alaska Native (OR 4.62, ln 1.53)<br>Lowest: Hispanic or Latino (OR 0.51, ln -0.68)<br>Max |ln(OR)| (across categories): 2.21<br>Flag: OK",TRUE,"Moved Out"
"dismissed","Indiana","IN",FALSE,TRUE,6,1,"Native Hawaiian or Other Pacific Islander",2.52027558435839,0.924368254416462,"American Indian or Alaska Native",0.284509954384619,-1.25698703697823,2.18135529139469,2.18135529139469,2.18135529139469,"State: Indiana<br>Largest disparity category: Dismissed (No Contact)<br>Highest: Native Hawaiian or Other Pacific Islander (OR 2.52, ln 0.92)<br>Lowest: American Indian or Alaska Native (OR 0.28, ln -1.26)<br>Max |ln(OR)| (across categories): 2.18<br>Flag: OK",TRUE,"Dismissed (No Contact)"
"part_b_eligible","Iowa","IA",FALSE,TRUE,1,4,"American Indian or Alaska Native",2.1082483781279,0.74585745017451,"Hispanic or Latino",0.324334521480981,-1.12597982211746,1.87183727229197,1.87183727229197,1.87183727229197,"State: Iowa<br>Largest disparity category: Part B Eligible<br>Highest: American Indian or Alaska Native (OR 2.11, ln 0.75)<br>Lowest: Hispanic or Latino (OR 0.32, ln -1.13)<br>Max |ln(OR)| (across categories): 1.87<br>Flag: OK",TRUE,"Part B Eligible"
"dismissed","Kansas","KS",FALSE,TRUE,3,7,"Black or African American",2.19568084348991,0.786492177697963,"White",0.545130633714762,-0.606729818151651,1.39322199584961,1.39322199584961,1.39322199584961,"State: Kansas<br>Largest disparity category: Dismissed (No Contact)<br>Highest: Black or African American (OR 2.20, ln 0.79)<br>Lowest: White (OR 0.55, ln -0.61)<br>Max |ln(OR)| (across categories): 1.39<br>Flag: OK",TRUE,"Dismissed (No Contact)"
"withdrawn","Kentucky","KY",FALSE,TRUE,6,1,"Native Hawaiian or Other Pacific Islander",3.98733870817584,1.38312401793258,"American Indian or Alaska Native",0.507311293115796,-0.678630473439458,2.06175449137203,2.06175449137203,2.06175449137203,"State: Kentucky<br>Largest disparity category: Withdrawn<br>Highest: Native Hawaiian or Other Pacific Islander (OR 3.99, ln 1.38)<br>Lowest: American Indian or Alaska Native (OR 0.51, ln -0.68)<br>Max |ln(OR)| (across categories): 2.06<br>Flag: OK",TRUE,"Withdrawn"
"not_determined","Louisiana","LA",FALSE,TRUE,3,6,"Black or African American",1.46602040362148,0.382551521254017,"Native Hawaiian or Other Pacific Islander",0.235156476804273,-1.44750412768196,1.83005564893598,1.83005564893598,1.83005564893598,"State: Louisiana<br>Largest disparity category: Not Determined<br>Highest: Black or African American (OR 1.47, ln 0.38)<br>Lowest: Native Hawaiian or Other Pacific Islander (OR 0.24, ln -1.45)<br>Max |ln(OR)| (across categories): 1.83<br>Flag: OK",TRUE,"Not Determined"
"not_determined","Maine","ME",FALSE,TRUE,6,7,"Native Hawaiian or Other Pacific Islander",6.29466357308585,1.83970222255518,"White",0.629752317717583,-0.462428683378925,2.30213090593411,2.30213090593411,2.30213090593411,"State: Maine<br>Largest disparity category: Not Determined<br>Highest: Native Hawaiian or Other Pacific Islander (OR 6.29, ln 1.84)<br>Lowest: White (OR 0.63, ln -0.46)<br>Max |ln(OR)| (across categories): 2.30<br>Flag: OK",TRUE,"Not Determined"
"not_determined","Maryland","MD",FALSE,TRUE,3,6,"Black or African American",1.63247183829523,0.490095331358232,"Native Hawaiian or Other Pacific Islander",0.158115613285261,-1.84442878388524,2.33452411524347,2.33452411524347,2.33452411524347,"State: Maryland<br>Largest disparity category: Not Determined<br>Highest: Black or African American (OR 1.63, ln 0.49)<br>Lowest: Native Hawaiian or Other Pacific Islander (OR 0.16, ln -1.84)<br>Max |ln(OR)| (across categories): 2.33<br>Flag: OK",TRUE,"Not Determined"
"dismissed","Massachusetts","MA",FALSE,TRUE,4,2,"Hispanic or Latino",2.34322684327674,0.851528972285479,"Asian",0.451474131532975,-0.795237202267098,1.64676617455258,1.64676617455258,1.64676617455258,"State: Massachusetts<br>Largest disparity category: Dismissed (No Contact)<br>Highest: Hispanic or Latino (OR 2.34, ln 0.85)<br>Lowest: Asian (OR 0.45, ln -0.80)<br>Max |ln(OR)| (across categories): 1.65<br>Flag: OK",TRUE,"Dismissed (No Contact)"
"not_determined","Michigan","MI",FALSE,TRUE,3,6,"Black or African American",2.12696840400022,0.754697681382908,"Native Hawaiian or Other Pacific Islander",0.191232391323135,-1.65426588202735,2.40896356341026,2.40896356341026,2.40896356341026,"State: Michigan<br>Largest disparity category: Not Determined<br>Highest: Black or African American (OR 2.13, ln 0.75)<br>Lowest: Native Hawaiian or Other Pacific Islander (OR 0.19, ln -1.65)<br>Max |ln(OR)| (across categories): 2.41<br>Flag: OK",TRUE,"Not Determined"
"dismissed","Minnesota","MN",FALSE,TRUE,1,6,"American Indian or Alaska Native",3.11864098186464,1.13739732419198,"Native Hawaiian or Other Pacific Islander",0.253357051556369,-1.37295551418776,2.51035283837974,2.51035283837974,2.51035283837974,"State: Minnesota<br>Largest disparity category: Dismissed (No Contact)<br>Highest: American Indian or Alaska Native (OR 3.12, ln 1.14)<br>Lowest: Native Hawaiian or Other Pacific Islander (OR 0.25, ln -1.37)<br>Max |ln(OR)| (across categories): 2.51<br>Flag: OK",TRUE,"Dismissed (No Contact)"
"part_b_eligible","Mississippi","MS",FALSE,TRUE,6,1,"Native Hawaiian or Other Pacific Islander",4.43548063415613,1.48963598286732,"American Indian or Alaska Native",0.201389902232599,-1.60251243782652,3.09214842069385,3.09214842069385,3.09214842069385,"State: Mississippi<br>Largest disparity category: Part B Eligible<br>Highest: Native Hawaiian or Other Pacific Islander (OR 4.44, ln 1.49)<br>Lowest: American Indian or Alaska Native (OR 0.20, ln -1.60)<br>Max |ln(OR)| (across categories): 3.09<br>Flag: OK",TRUE,"Part B Eligible"
"dismissed","Missouri","MO",FALSE,TRUE,3,1,"Black or African American",3.19775483798903,1.16244895043158,"American Indian or Alaska Native",0.183351716515791,-1.6963490225463,2.85879797297788,2.85879797297788,2.85879797297788,"State: Missouri<br>Largest disparity category: Dismissed (No Contact)<br>Highest: Black or African American (OR 3.20, ln 1.16)<br>Lowest: American Indian or Alaska Native (OR 0.18, ln -1.70)<br>Max |ln(OR)| (across categories): 2.86<br>Flag: OK",TRUE,"Dismissed (No Contact)"
"dismissed","Montana","MT",FALSE,TRUE,1,7,"American Indian or Alaska Native",2.73471813835075,1.0060283732874,"White",0.455006337135615,-0.787443932357595,1.793472305645,1.793472305645,1.793472305645,"State: Montana<br>Largest disparity category: Dismissed (No Contact)<br>Highest: American Indian or Alaska Native (OR 2.73, ln 1.01)<br>Lowest: White (OR 0.46, ln -0.79)<br>Max |ln(OR)| (across categories): 1.79<br>Flag: OK",TRUE,"Dismissed (No Contact)"
"dismissed","Nebraska","NE",FALSE,TRUE,6,7,"Native Hawaiian or Other Pacific Islander",2.91347517730496,1.06934658767623,"White",0.458076210883292,-0.780719709402283,1.85006629707852,1.85006629707852,1.85006629707852,"State: Nebraska<br>Largest disparity category: Dismissed (No Contact)<br>Highest: Native Hawaiian or Other Pacific Islander (OR 2.91, ln 1.07)<br>Lowest: White (OR 0.46, ln -0.78)<br>Max |ln(OR)| (across categories): 1.85<br>Flag: OK",TRUE,"Dismissed (No Contact)"
"dismissed","Nevada","NV",FALSE,TRUE,3,7,"Black or African American",2.22792515165397,0.801070727090484,"White",0.600260459546441,-0.51039161871574,1.31146234580622,1.31146234580622,1.31146234580622,"State: Nevada<br>Largest disparity category: Dismissed (No Contact)<br>Highest: Black or African American (OR 2.23, ln 0.80)<br>Lowest: White (OR 0.60, ln -0.51)<br>Max |ln(OR)| (across categories): 1.31<br>Flag: OK",TRUE,"Dismissed (No Contact)"
"not_eligible","New Hampshire","NH",FALSE,TRUE,6,3,"Native Hawaiian or Other Pacific Islander",5.03556526922313,1.61652578783779,"Black or African American",0.480903975508796,-0.732087663922966,2.34861345176076,2.34861345176076,2.34861345176076,"State: New Hampshire<br>Largest disparity category: Not Eligible<br>Highest: Native Hawaiian or Other Pacific Islander (OR 5.04, ln 1.62)<br>Lowest: Black or African American (OR 0.48, ln -0.73)<br>Max |ln(OR)| (across categories): 2.35<br>Flag: OK",TRUE,"Not Eligible"
"dismissed","New Jersey","NJ",FALSE,TRUE,3,6,"Black or African American",2.06331968702034,0.724316184284554,"Native Hawaiian or Other Pacific Islander",0.318391786361735,-1.14447262194724,1.86878880623179,1.86878880623179,1.86878880623179,"State: New Jersey<br>Largest disparity category: Dismissed (No Contact)<br>Highest: Black or African American (OR 2.06, ln 0.72)<br>Lowest: Native Hawaiian or Other Pacific Islander (OR 0.32, ln -1.14)<br>Max |ln(OR)| (across categories): 1.87<br>Flag: OK",TRUE,"Dismissed (No Contact)"
"withdrawn","New Mexico","NM",FALSE,TRUE,2,6,"Asian",1.25588634897914,0.227841577470284,"Native Hawaiian or Other Pacific Islander",0.168720577953857,-1.77951131729676,2.00735289476704,2.00735289476704,2.00735289476704,"State: New Mexico<br>Largest disparity category: Withdrawn<br>Highest: Asian (OR 1.26, ln 0.23)<br>Lowest: Native Hawaiian or Other Pacific Islander (OR 0.17, ln -1.78)<br>Max |ln(OR)| (across categories): 2.01<br>Flag: OK",TRUE,"Withdrawn"
"not_eligible","New York","NY",FALSE,TRUE,7,4,"White",2.24511993717972,0.808758943900704,"Hispanic or Latino",0.53127030384305,-0.632484340475154,1.44124328437586,1.44124328437586,1.44124328437586,"State: New York<br>Largest disparity category: Not Eligible<br>Highest: White (OR 2.25, ln 0.81)<br>Lowest: Hispanic or Latino (OR 0.53, ln -0.63)<br>Max |ln(OR)| (across categories): 1.44<br>Flag: OK",TRUE,"Not Eligible"
"moved_out","North Carolina","NC",FALSE,TRUE,6,1,"Native Hawaiian or Other Pacific Islander",4.24984217171717,1.44688184618022,"American Indian or Alaska Native",0.387350516660862,-0.94842526807044,2.39530711425066,2.39530711425066,2.39530711425066,"State: North Carolina<br>Largest disparity category: Moved Out<br>Highest: Native Hawaiian or Other Pacific Islander (OR 4.25, ln 1.45)<br>Lowest: American Indian or Alaska Native (OR 0.39, ln -0.95)<br>Max |ln(OR)| (across categories): 2.40<br>Flag: OK",TRUE,"Moved Out"
"withdrawn","North Dakota","ND",FALSE,TRUE,6,2,"Native Hawaiian or Other Pacific Islander",2.38668758098616,0.869906455249076,"Asian",0.140747904577692,-1.96078489962064,2.83069135486972,2.83069135486972,2.83069135486972,"State: North Dakota<br>Largest disparity category: Withdrawn<br>Highest: Native Hawaiian or Other Pacific Islander (OR 2.39, ln 0.87)<br>Lowest: Asian (OR 0.14, ln -1.96)<br>Max |ln(OR)| (across categories): 2.83<br>Flag: OK",TRUE,"Withdrawn"
"dismissed","Ohio","OH",FALSE,TRUE,3,2,"Black or African American",2.70070378184457,0.993512398986815,"Asian",0.436740813304116,-0.828415364409879,1.82192776339669,1.82192776339669,1.82192776339669,"State: Ohio<br>Largest disparity category: Dismissed (No Contact)<br>Highest: Black or African American (OR 2.70, ln 0.99)<br>Lowest: Asian (OR 0.44, ln -0.83)<br>Max |ln(OR)| (across categories): 1.82<br>Flag: OK",TRUE,"Dismissed (No Contact)"
"moved_out","Oklahoma","OK",FALSE,TRUE,6,1,"Native Hawaiian or Other Pacific Islander",2.57294488608607,0.945051112971503,"American Indian or Alaska Native",0.564924071149101,-0.571063944213208,1.51611505718471,1.51611505718471,1.51611505718471,"State: Oklahoma<br>Largest disparity category: Moved Out<br>Highest: Native Hawaiian or Other Pacific Islander (OR 2.57, ln 0.95)<br>Lowest: American Indian or Alaska Native (OR 0.56, ln -0.57)<br>Max |ln(OR)| (across categories): 1.52<br>Flag: OK",TRUE,"Moved Out"
"not_determined","Oregon","OR",FALSE,TRUE,6,1,"Native Hawaiian or Other Pacific Islander",1.80658964484382,0.591440893869408,"American Indian or Alaska Native",0.204740771680677,-1.58601062842134,2.17745152229075,2.17745152229075,2.17745152229075,"State: Oregon<br>Largest disparity category: Not Determined<br>Highest: Native Hawaiian or Other Pacific Islander (OR 1.81, ln 0.59)<br>Lowest: American Indian or Alaska Native (OR 0.20, ln -1.59)<br>Max |ln(OR)| (across categories): 2.18<br>Flag: OK",TRUE,"Not Determined"
"not_eligible","Pennsylvania","PA",FALSE,TRUE,7,3,"White",2.23948027596873,0.806243819289406,"Black or African American",0.377314981483072,-0.974674945715439,1.78091876500485,1.78091876500485,1.78091876500485,"State: Pennsylvania<br>Largest disparity category: Not Eligible<br>Highest: White (OR 2.24, ln 0.81)<br>Lowest: Black or African American (OR 0.38, ln -0.97)<br>Max |ln(OR)| (across categories): 1.78<br>Flag: OK",TRUE,"Not Eligible"
"withdrawn","Rhode Island","RI",FALSE,TRUE,2,6,"Asian",1.3786932861483,0.321136156486265,"Native Hawaiian or Other Pacific Islander",0.281320634920635,-1.268260210611,1.58939636709727,1.58939636709727,1.58939636709727,"State: Rhode Island<br>Largest disparity category: Withdrawn<br>Highest: Asian (OR 1.38, ln 0.32)<br>Lowest: Native Hawaiian or Other Pacific Islander (OR 0.28, ln -1.27)<br>Max |ln(OR)| (across categories): 1.59<br>Flag: OK",TRUE,"Withdrawn"
"dismissed","South Carolina","SC",FALSE,TRUE,3,7,"Black or African American",1.82802803849422,0.603237811259087,"White",0.519587553733367,-0.654719948026535,1.25795775928562,1.25795775928562,1.25795775928562,"State: South Carolina<br>Largest disparity category: Dismissed (No Contact)<br>Highest: Black or African American (OR 1.83, ln 0.60)<br>Lowest: White (OR 0.52, ln -0.65)<br>Max |ln(OR)| (across categories): 1.26<br>Flag: OK",TRUE,"Dismissed (No Contact)"
"dismissed","South Dakota","SD",FALSE,TRUE,1,7,"American Indian or Alaska Native",5.91868162389865,1.77811372542912,"White",0.179239029563834,-1.71903500325072,3.49714872867984,3.49714872867984,3.49714872867984,"State: South Dakota<br>Largest disparity category: Dismissed (No Contact)<br>Highest: American Indian or Alaska Native (OR 5.92, ln 1.78)<br>Lowest: White (OR 0.18, ln -1.72)<br>Max |ln(OR)| (across categories): 3.50<br>Flag: OK",TRUE,"Dismissed (No Contact)"
"dismissed","Tennessee","TN",FALSE,TRUE,3,2,"Black or African American",2.50813816569221,0.919540711242194,"Asian",0.36222082415854,-1.01550124165006,1.93504195289226,1.93504195289226,1.93504195289226,"State: Tennessee<br>Largest disparity category: Dismissed (No Contact)<br>Highest: Black or African American (OR 2.51, ln 0.92)<br>Lowest: Asian (OR 0.36, ln -1.02)<br>Max |ln(OR)| (across categories): 1.94<br>Flag: OK",TRUE,"Dismissed (No Contact)"
"moved_out","Texas","TX",FALSE,TRUE,6,4,"Native Hawaiian or Other Pacific Islander",3.23161843808433,1.1729830761661,"Hispanic or Latino",0.569159380783688,-0.563594777252937,1.73657785341903,1.73657785341903,1.73657785341903,"State: Texas<br>Largest disparity category: Moved Out<br>Highest: Native Hawaiian or Other Pacific Islander (OR 3.23, ln 1.17)<br>Lowest: Hispanic or Latino (OR 0.57, ln -0.56)<br>Max |ln(OR)| (across categories): 1.74<br>Flag: OK",TRUE,"Moved Out"
"dismissed","Utah","UT",FALSE,TRUE,1,7,"American Indian or Alaska Native",3.43541155816079,1.23413673164454,"White",0.414903663309266,-0.87970892230349,2.11384565394803,2.11384565394803,2.11384565394803,"State: Utah<br>Largest disparity category: Dismissed (No Contact)<br>Highest: American Indian or Alaska Native (OR 3.44, ln 1.23)<br>Lowest: White (OR 0.41, ln -0.88)<br>Max |ln(OR)| (across categories): 2.11<br>Flag: OK",TRUE,"Dismissed (No Contact)"
"not_eligible","Vermont","VT",FALSE,TRUE,6,1,"Native Hawaiian or Other Pacific Islander",2.57098445595855,0.944288882352815,"American Indian or Alaska Native",0.367105847520355,-1.00210505964856,1.94639394200137,1.94639394200137,1.94639394200137,"State: Vermont<br>Largest disparity category: Not Eligible<br>Highest: Native Hawaiian or Other Pacific Islander (OR 2.57, ln 0.94)<br>Lowest: American Indian or Alaska Native (OR 0.37, ln -1.00)<br>Max |ln(OR)| (across categories): 1.95<br>Flag: OK",TRUE,"Not Eligible"
"moved_out","Virginia","VA",FALSE,TRUE,6,3,"Native Hawaiian or Other Pacific Islander",2.19867010764688,0.787852681058437,"Black or African American",0.657947917154276,-0.418629504050584,1.20648218510902,1.20648218510902,1.20648218510902,"State: Virginia<br>Largest disparity category: Moved Out<br>Highest: Native Hawaiian or Other Pacific Islander (OR 2.20, ln 0.79)<br>Lowest: Black or African American (OR 0.66, ln -0.42)<br>Max |ln(OR)| (across categories): 1.21<br>Flag: OK",TRUE,"Moved Out"
"dismissed","Washington","WA",FALSE,TRUE,6,2,"Native Hawaiian or Other Pacific Islander",1.95470810444985,0.670240875103123,"Asian",0.526889805308615,-0.640763850390948,1.31100472549407,1.31100472549407,1.31100472549407,"State: Washington<br>Largest disparity category: Dismissed (No Contact)<br>Highest: Native Hawaiian or Other Pacific Islander (OR 1.95, ln 0.67)<br>Lowest: Asian (OR 0.53, ln -0.64)<br>Max |ln(OR)| (across categories): 1.31<br>Flag: OK",TRUE,"Dismissed (No Contact)"
"moved_out","West Virginia","WV",FALSE,TRUE,1,7,"American Indian or Alaska Native",7.55297494780793,2.02194151847263,"White",0.42792050392536,-0.84881783914402,2.87075935761665,2.87075935761665,2.87075935761665,"State: West Virginia<br>Largest disparity category: Moved Out<br>Highest: American Indian or Alaska Native (OR 7.55, ln 2.02)<br>Lowest: White (OR 0.43, ln -0.85)<br>Max |ln(OR)| (across categories): 2.87<br>Flag: OK",TRUE,"Moved Out"
"dismissed","Wisconsin","WI",FALSE,TRUE,3,7,"Black or African American",3.60287651620826,1.28173255868579,"White",0.360280349156786,-1.02087280294087,2.30260536162666,2.30260536162666,2.30260536162666,"State: Wisconsin<br>Largest disparity category: Dismissed (No Contact)<br>Highest: Black or African American (OR 3.60, ln 1.28)<br>Lowest: White (OR 0.36, ln -1.02)<br>Max |ln(OR)| (across categories): 2.30<br>Flag: OK",TRUE,"Dismissed (No Contact)"
"dismissed","Wyoming","WY",FALSE,TRUE,1,2,"American Indian or Alaska Native",3.08162837497904,1.1254581504515,"Asian",0.385220953383527,-0.953938204422505,2.079396354874,2.079396354874,2.079396354874,"State: Wyoming<br>Largest disparity category: Dismissed (No Contact)<br>Highest: American Indian or Alaska Native (OR 3.08, ln 1.13)<br>Lowest: Asian (OR 0.39, ln -0.95)<br>Max |ln(OR)| (across categories): 2.08<br>Flag: OK",TRUE,"Dismissed (No Contact)"
